indicator,Average population density
units,people per square mile
extent,Gulf wide
2000,184.4265831
2005,192.7974552
2007,190.751361
2010,200.2748086
2013,205.2628909
