indicator,Total urban cover,
units ,thousands of square miles,
extent,Gulf wide,
1996,7.599847642,0.007599848
2000,8.180426877,0.008180427
2006,8.510876394,0.008510876
2010,8.952861981,0.008952862
