indicator,Average social connectedness
units,percent of possible social connections
extent,Gulf wide
2000,41.38201439
2005,43.95683453
2007,42.06906475
2010,36.38992806
2012,38.03165468
