indicator,Total wetland cover
units ,thousands of square miles
extent,Gulf wide
1996,32.34345647
2000,32.1508184
2006,31.72993477
2010,32.27623867
